David,FAIL
Parrish,30
Parrish,30
David,34
David,34
Parrish,FAIL
Parrish,46
Parrish,46
javi,40
javi,40
javi,32
javi,32
Parrish,FAIL
MA,35
"Adrian THE BEST ",FAIL
"Adrian THE BEST ",FAIL
MA,35
Parrish,FAIL
Parrish,FAIL
Parrish,34
javi,27
javi,35
ADRIAN,35
ADRIAN,35
javi,26
javi,36
Parrish,FAIL
"Diogo ",FAIL
"Diogo ",FAIL
Parrish,25
Parrish,FAIL
"Diogo ",26
"Diogo ",31
"Diogo ",24
"Diogo ",24
"Diogo ",FAIL
"Diogo ",32
"Diogo ",FAIL
"Diogo ",FAIL
"Diogo ",FAIL
Eduardo,FAIL
Eduardo,27
null,38
Eduardo,38
Eduardo,27
Eduardo,FAIL
Eduardo,29
Eduardo,29
Eduardo,29
Adrian,FAIL
Adrian,FAIL
Adrian,FAIL
Adrian,FAIL
Adrian,FAIL
Adrian,FAIL
Adrian,FAIL
Adrian,FAIL
Adrian,FAIL
Adrian,FAIL
Adrian,FAIL
Adrian,FAIL
Adrian,FAIL
Adrian,FAIL
Adrian,FAIL
Adrian,FAIL
Adrian,FAIL
Noah,FAIL
"Eduardo JR JR",FAIL
"Eduardo JR JR",FAIL
"Eduardo JR JR",FAIL
"Eduardo JR JR",FAIL
"Eduardo JR JR",36
"Long live Eduardo Woods ",28
"GREAT Grandfather Eduardo",28
"Grandfather Eduardo",32
"Grandfather Eduardo",32
"01000101 01100100 01110101 01100001 01110010 01100100 01101111",29
"01000101 01100100 01110101 01100001 01110010 01100100 01101111",29
Hgxdugr,25
Hgxdugr,25
EADRDUO,30
EADRDUO,30
HWUCTQ0TWTOCXTTWUMHYGPYBWVXHSOEAQDO,FAIL
HWUCTQ0TWTOCXTTWUMHYGPYBWVXHSOEAQDO,FAIL
h:wtcavyGt/.uot=Xht/ybmcqdopwoe/hq0路swu.w?xT路,FAIL
h:wtcavyGt/.uot=Xht/ybmcqdopwoe/hq0路swu.w?xT路,FAIL
